{
    "Design Quality \u2191 (HV)": 0.016015590349335876,
    "Constraint Violation \u2193": 0.0,
    "Sim. to Data \u2193 (MMD)": 0.16318640316364405,
    "Novelty \u2191": 6.7713764790881665,
    "Binary Validity \u2191": 1.0,
    "Diversity \u2193 (DPP)": 13.554192370349591,
    "Evaluation Count": 1000000.0,
    "Conditional?": false,
    "Masked Constraints?": false,
    "Gradient Free?": true
}