{
    "Design Quality \u2191 (HV)": 0.016779572512868778,
    "Constraint Violation \u2193": 0.0,
    "Sim. to Data \u2193 (MMD)": 0.07741881840743525,
    "Novelty \u2191": 7.925919709188551,
    "Binary Validity \u2191": 1.0,
    "Diversity \u2193 (DPP)": 12.554601332873364,
    "Evaluation Count": 971582.0,
    "Conditional?": false,
    "Masked Constraints?": false,
    "Gradient Free?": false
}